datum_vorschlag,bild_datei,hook,caption,kategorie,link
2026-09-30,outputs/social-images/hauptbuch-01.jpg,Du verlierst dich nicht auf einmal.,"Du verlierst dich nicht auf einmal. /  / Genau davon handelt „Ich stand nie auf meiner eigenen Liste"".",Selbstverlust,https://www.amazon.de/dp/B0HGT4PX8H
2026-10-01,outputs/social-images/hauptbuch-02.jpg,Nicht jede Schuld gehört zu dir.,"Nicht jede Schuld gehört zu dir. /  / Wenn du das kennst, ist „Ich stand nie auf meiner eigenen Liste"" für dich.",Schuldgefühle,https://www.amazon.de/dp/B0HGT4PX8H
2026-10-02,outputs/social-images/hauptbuch-03.jpg,Du bist nicht schwierig. Du bist müde.,"Du bist nicht schwierig. Du bist müde. /  / Mehr davon in „Ich stand nie auf meiner eigenen Liste"".",Funktionieren,https://www.amazon.de/dp/B0HGT4PX8H
2026-10-03,outputs/social-images/hauptbuch-04.jpg,"Wenn dich Liebe erschöpft, stimmt etwas nicht.","Wenn dich Liebe erschöpft, stimmt etwas nicht. /  / Darüber schreibe ich in „Ich stand nie auf meiner eigenen Liste"".",Beziehungsmüdigkeit,https://www.amazon.de/dp/B0HGT4PX8H
2026-10-04,outputs/social-images/hauptbuch-05.jpg,"Du brauchst kein letztes Gespräch, wenn das Verhalten schon alles gesagt hat.","Du brauchst kein letztes Gespräch, wenn das Verhalten schon alles gesagt hat. /  / Genau darum geht's in „Ich stand nie auf meiner eigenen Liste"".",Loslassen,https://www.amazon.de/dp/B0HGT4PX8H
2026-10-05,outputs/social-images/hauptbuch-06.jpg,Stark sein ist nicht dasselbe wie dich selbst verlassen.,"Stark sein ist nicht dasselbe wie dich selbst verlassen. /  / Genau davon handelt „Ich stand nie auf meiner eigenen Liste"".",Selbstverlust,https://www.amazon.de/dp/B0HGT4PX8H
2026-10-06,outputs/social-images/hauptbuch-07.jpg,Dein Nein braucht keine Rechtfertigung.,"Dein Nein braucht keine Rechtfertigung. /  / Mehr dazu in „Ich stand nie auf meiner eigenen Liste"".",Grenzen,https://www.amazon.de/dp/B0HGT4PX8H
2026-10-07,outputs/social-images/hauptbuch-08.jpg,Du wartest nicht auf Klarheit. Du weichst ihr aus.,"Du wartest nicht auf Klarheit. Du weichst ihr aus. /  / Genau davon handelt „Ich stand nie auf meiner eigenen Liste"".",Selbstverlust,https://www.amazon.de/dp/B0HGT4PX8H
2026-10-08,outputs/social-images/hauptbuch-09.jpg,"Manchmal hält dich nicht Liebe fest, sondern Hoffnung.","Manchmal hält dich nicht Liebe fest, sondern Hoffnung. /  / Darüber schreibe ich in „Ich stand nie auf meiner eigenen Liste"".",Beziehungsmüdigkeit,https://www.amazon.de/dp/B0HGT4PX8H
2026-10-09,outputs/social-images/hauptbuch-10.jpg,"Frieden, der dich selbst kostet, ist kein Frieden.","Frieden, der dich selbst kostet, ist kein Frieden. /  / Mehr dazu in „Ich stand nie auf meiner eigenen Liste"".",Grenzen,https://www.amazon.de/dp/B0HGT4PX8H
2026-10-10,outputs/social-images/hauptbuch-11.jpg,Du bist nicht verantwortlich für das Erwachsenwerden anderer.,"Du bist nicht verantwortlich für das Erwachsenwerden anderer. /  / Mehr dazu in „Ich stand nie auf meiner eigenen Liste"".",Grenzen,https://www.amazon.de/dp/B0HGT4PX8H
2026-10-11,outputs/social-images/hauptbuch-12.jpg,"Wenn du immer funktionierst, merkt niemand, dass du fehlst.","Wenn du immer funktionierst, merkt niemand, dass du fehlst. /  / Mehr davon in „Ich stand nie auf meiner eigenen Liste"".",Funktionieren,https://www.amazon.de/dp/B0HGT4PX8H
2026-10-12,outputs/social-images/hauptbuch-13.jpg,"Du darfst gehen, auch wenn der andere es nicht versteht.","Du darfst gehen, auch wenn der andere es nicht versteht. /  / Genau darum geht's in „Ich stand nie auf meiner eigenen Liste"".",Loslassen,https://www.amazon.de/dp/B0HGT4PX8H
2026-10-13,outputs/social-images/hauptbuch-14.jpg,"Es ist immer das, was du denkst.","Es ist immer das, was du denkst. /  / Genau davon handelt „Ich stand nie auf meiner eigenen Liste"".",Selbstverlust,https://www.amazon.de/dp/B0HGT4PX8H
2026-10-14,outputs/social-images/hauptbuch-15.jpg,"Du musst nicht erst zusammenbrechen, damit es ernst ist.","Du musst nicht erst zusammenbrechen, damit es ernst ist. /  / Mehr davon in „Ich stand nie auf meiner eigenen Liste"".",Funktionieren,https://www.amazon.de/dp/B0HGT4PX8H
2026-10-15,outputs/social-images/hauptbuch-16.jpg,"Wenn du dich ständig erklären musst, fehlt etwas Grundlegendes.","Wenn du dich ständig erklären musst, fehlt etwas Grundlegendes. /  / Mehr dazu in „Ich stand nie auf meiner eigenen Liste"".",Grenzen,https://www.amazon.de/dp/B0HGT4PX8H
2026-10-16,outputs/social-images/hauptbuch-17.jpg,Dein Körper kennt die Wahrheit oft vor deinem Kopf.,"Dein Körper kennt die Wahrheit oft vor deinem Kopf. /  / Genau davon handelt „Ich stand nie auf meiner eigenen Liste"".",Selbstverlust,https://www.amazon.de/dp/B0HGT4PX8H
2026-10-17,outputs/social-images/hauptbuch-18.jpg,"Du bist nicht kalt, wenn du dich schützt.","Du bist nicht kalt, wenn du dich schützt. /  / Mehr dazu in „Ich stand nie auf meiner eigenen Liste"".",Grenzen,https://www.amazon.de/dp/B0HGT4PX8H
2026-10-18,outputs/social-images/hauptbuch-19.jpg,"Du darfst Menschen enttäuschen, ohne dich selbst zu verraten.","Du darfst Menschen enttäuschen, ohne dich selbst zu verraten. /  / Mehr dazu in „Ich stand nie auf meiner eigenen Liste"".",Grenzen,https://www.amazon.de/dp/B0HGT4PX8H
2026-10-19,outputs/social-images/hauptbuch-20.jpg,"Du hast nicht zu hohe Ansprüche. Du hast wieder angefangen, dich ernst zu nehmen.","Du hast nicht zu hohe Ansprüche. Du hast wieder angefangen, dich ernst zu nehmen. /  / Genau davon handelt „Ich stand nie auf meiner eigenen Liste"".",Selbstverlust,https://www.amazon.de/dp/B0HGT4PX8H
2026-10-20,outputs/social-images/hauptbuch-21.jpg,"Wer dich nur mag, wenn du dich anpasst, meint nicht dich.","Wer dich nur mag, wenn du dich anpasst, meint nicht dich. /  / Mehr dazu in „Ich stand nie auf meiner eigenen Liste"".",Grenzen,https://www.amazon.de/dp/B0HGT4PX8H
2026-10-21,outputs/social-images/hauptbuch-22.jpg,Deine Erschöpfung ist kein Charakterfehler.,"Deine Erschöpfung ist kein Charakterfehler. /  / Mehr davon in „Ich stand nie auf meiner eigenen Liste"".",Funktionieren,https://www.amazon.de/dp/B0HGT4PX8H
2026-10-22,outputs/social-images/hauptbuch-23.jpg,Du bist nicht plötzlich leer. Du hast zu lange getragen.,"Du bist nicht plötzlich leer. Du hast zu lange getragen. /  / Mehr davon in „Ich stand nie auf meiner eigenen Liste"".",Funktionieren,https://www.amazon.de/dp/B0HGT4PX8H
2026-10-23,outputs/social-images/hauptbuch-24.jpg,"Hör auf, dich für klare Grenzen zu entschuldigen.","Hör auf, dich für klare Grenzen zu entschuldigen. /  / Mehr dazu in „Ich stand nie auf meiner eigenen Liste"".",Grenzen,https://www.amazon.de/dp/B0HGT4PX8H
2026-10-24,outputs/social-images/hauptbuch-25.jpg,"Wenn es dich kleiner macht, ist es nicht dein Platz.","Wenn es dich kleiner macht, ist es nicht dein Platz. /  / Darüber schreibe ich in „Ich stand nie auf meiner eigenen Liste"".",Beziehungsmüdigkeit,https://www.amazon.de/dp/B0HGT4PX8H
2026-10-25,outputs/social-images/hauptbuch-26.jpg,"Du darfst aufhören, alles zu retten.","Du darfst aufhören, alles zu retten. /  / Mehr davon in „Ich stand nie auf meiner eigenen Liste"".",Funktionieren,https://www.amazon.de/dp/B0HGT4PX8H
2026-10-26,outputs/social-images/hauptbuch-27.jpg,Die Antwort liegt nicht in seinem nächsten Schritt.,"Die Antwort liegt nicht in seinem nächsten Schritt. /  / Genau darum geht's in „Ich stand nie auf meiner eigenen Liste"".",Loslassen,https://www.amazon.de/dp/B0HGT4PX8H
2026-10-27,outputs/social-images/hauptbuch-28.jpg,"Du musst nicht beweisen, dass du verletzt bist.","Du musst nicht beweisen, dass du verletzt bist. /  / Genau darum geht's in „Ich stand nie auf meiner eigenen Liste"".",Loslassen,https://www.amazon.de/dp/B0HGT4PX8H
2026-10-28,outputs/social-images/hauptbuch-29.jpg,Manchmal ist Loslassen keine Entscheidung. Es ist Selbstachtung.,"Manchmal ist Loslassen keine Entscheidung. Es ist Selbstachtung. /  / Genau darum geht's in „Ich stand nie auf meiner eigenen Liste"".",Loslassen,https://www.amazon.de/dp/B0HGT4PX8H
2026-10-29,outputs/social-images/hauptbuch-30.jpg,Setz dich wieder auf deine eigene Liste.,"Setz dich wieder auf deine eigene Liste. /  / Jetzt lesen: „Ich stand nie auf meiner eigenen Liste"".",Verkaufsimpuls,https://www.amazon.de/dp/B0HGT4PX8H
